ID,LIST_ID,code,type,gu,x,y,room,old,resident,ave_area,SQ1,SQ2,SQ3,SQ4,Q1A1,Q1A2,Q1A3,Q1A4,Q1A5,Q1A6,Q1A7,Q1A8,Q2,Q3,Q4,Q5A,Q5B
1,3005961,53013,다가구,마포구,37.5544295,126.9024099,12,24,6,25.22583333,2,1,2,3,4,4,4,4,4,4,2,4,4,1,1,2,0
2,3001280,53003,다가구,강북구,37.6622213,127.013076,7,26,6,37.70428571,1,1,4,3,7,7,6,6,4,4,5,5,6,2,1,2,0
3,3005162,53011,다가구,동대문구,37.5711261,127.0317843,10,24,6,48.268,2,1,4,2,6,7,6,7,6,7,7,7,7,2,1,2,0
4,3006257,53014,다가구,서대문구,37.5815224,126.922577,7,23,11,51.43285714,2,1,4,3,4,7,7,7,4,1,4,7,7,1,1,1,1
5,3000684,53002,다가구,강동구,37.5417911,127.1357011,11,28,6,45.59909091,1,1,4,2,4,7,6,7,7,5,2,4,5,1,1,2,0
6,3004870,53010,다가구,도봉구,37.6600045,127.0384734,7,24,9,40.86857143,2,1,4,3,7,7,6,7,7,1,3,4,7,1,3,2,0
7,3009557,81302,도시형생활주택,강동구,37.5322766,127.1276494,14,5,1,29.64857143,1,2,4,2,5,5,7,7,5,7,5,5,7,2,2,1,1
8,3006315,53014,다가구,서대문구,37.5815224,126.922577,7,23,11,51.43285714,2,1,4,2,7,7,7,7,7,2,5,7,7,2,2,1,1
9,3006303,53014,다가구,서대문구,37.5815224,126.922577,7,23,11,51.43285714,2,1,2,2,7,7,7,5,3,7,3,3,5,1,3,2,0
10,3002979,53006,다가구,광진구,37.5396821,127.0664605,13,26,6,39.16153846,2,1,3,1,4,6,4,5,4,3,3,2,3,1,2,2,0
11,3008801,53022,다가구,은평구,37.5984975,126.9233785,7,26,3,47.23142857,2,1,4,2,7,7,6,6,2,3,7,7,6,2,2,2,0
12,3008075,53018,다가구,송파구,37.5029523,127.1069487,8,24,6,37.49625,2,1,4,2,5,6,5,6,6,5,5,6,6,2,2,2,0
13,3009359,53025,다가구,중랑구,37.6014695,127.1045849,13,29,6,34.97692308,2,1,4,3,6,7,6,7,7,5,4,6,6,2,3,2,0
14,3007683,53018,다가구,송파구,37.5029523,127.1069487,8,24,6,37.49625,1,1,4,2,7,7,7,7,7,4,7,7,7,2,3,2,0
15,3003674,53009,다가구,노원구,37.6147277,127.0633085,5,23,6,46.452,1,1,4,3,3,6,5,2,2,5,5,6,4,1,3,2,0
16,3001233,53003,다가구,강북구,37.6622213,127.013076,7,26,6,37.70428571,2,1,4,2,4,7,4,7,7,6,6,6,6,2,1,2,0
17,3009730,81302,도시형생활주택,강동구,37.5322766,127.1276494,14,5,1,29.64857143,2,1,2,2,5,6,5,6,6,3,4,5,5,2,2,1,1
18,3011403,81314,도시형생활주택,서대문구,37.5842888,126.9151895,24,7,2,16.35208333,2,2,4,2,6,7,6,6,5,4,2,3,4,2,2,1,5
19,3011448,81314,도시형생활주택,서대문구,37.5842888,126.9151895,24,7,2,16.35208333,1,2,1,2,7,7,7,7,7,7,7,7,7,2,1,1,1
20,3000672,53002,다가구,강동구,37.5417911,127.1357011,11,28,6,45.59909091,1,1,4,3,4,7,7,7,7,7,7,7,7,1,1,1,2
21,3009336,53025,다가구,중랑구,37.6014695,127.1045849,13,29,6,34.97692308,2,1,4,3,7,7,1,7,7,7,7,7,7,2,1,2,0
22,3004787,53010,다가구,도봉구,37.6600045,127.0384734,7,24,9,40.86857143,2,1,4,2,4,6,5,3,1,1,3,5,6,1,2,2,0
23,3000498,53002,다가구,강동구,37.5417911,127.1357011,11,28,6,45.59909091,1,1,4,2,3,7,1,7,4,4,1,1,5,1,1,1,2
24,3010374,81307,도시형생활주택,구로구,37.4920335,126.8515023,27,7,7,16.4162963,1,2,2,3,7,7,7,7,7,4,7,7,7,2,1,1,1
25,3000189,53002,다가구,강동구,37.5417911,127.1357011,11,28,6,45.59909091,2,1,4,2,5,5,2,5,3,3,3,3,2,1,3,1,2
26,3011596,81317,도시형생활주택,성북구,37.61206249,127.0142798,19,8,1,15.91,1,2,4,2,3,4,4,5,2,2,4,6,6,1,1,1,1
27,3008878,53022,다가구,은평구,37.5984975,126.9233785,7,26,3,47.23142857,1,1,4,2,3,6,5,2,7,6,6,6,6,1,2,1,1
28,3004068,53010,다가구,도봉구,37.6600045,127.0384734,7,24,9,40.86857143,2,1,4,1,5,7,5,7,6,7,7,7,7,1,1,1,1
29,3009061,53022,다가구,은평구,37.5984975,126.9233785,7,26,3,47.23142857,2,1,2,3,4,7,7,7,7,1,7,7,6,1,1,1,1
31,3003167,53008,다가구,금천구,37.4688411,126.9023043,8,11,6,59.98,2,1,4,2,7,7,7,7,7,5,5,7,7,1,2,2,0
32,3008200,53020,다가구,영등포구,37.5138604,126.9125981,3,20,6,24.57,1,1,1,3,6,7,7,7,7,5,7,7,6,2,1,2,0
33,3001270,53003,다가구,강북구,37.6622213,127.013076,7,26,6,37.70428571,2,1,3,3,6,7,7,7,7,7,7,7,7,1,1,1,1
34,3010043,81306,도시형생활주택,광진구,37.56824736,127.0787894,25,7,7,18.096,1,2,4,2,5,7,1,1,1,3,1,1,1,2,2,2,0
35,3002295,53004,다가구,강서구,37.5480633,126.8520284,7,23,6,49.86428571,2,1,3,3,1,7,3,7,3,1,1,5,4,1,1,1,1
36,3003880,53009,다가구,노원구,37.6147277,127.0633085,5,23,6,46.452,2,1,1,1,5,7,5,5,6,7,5,6,6,1,1,1,2
37,3006886,53017,다가구,성북구,37.6076549,127.013154,20,20,5,22.564,2,1,4,2,4,7,7,7,5,2,7,7,7,1,2,2,0
39,3006329,53014,다가구,서대문구,37.5815224,126.922577,7,23,11,51.43285714,1,1,3,1,5,7,5,7,6,1,5,6,6,2,1,1,1
40,3001256,53003,다가구,강북구,37.6622213,127.013076,7,26,6,37.70428571,2,1,2,3,2,7,1,2,5,1,6,6,3,2,1,1,3
41,3001996,53004,다가구,강서구,37.5480633,126.8520284,7,23,6,49.86428571,1,1,4,3,5,7,7,7,7,1,7,7,7,1,1,2,0
42,3011213,81314,도시형생활주택,서대문구,37.5842888,126.9151895,24,7,2,16.35208333,2,2,4,3,6,5,5,4,5,2,4,5,6,1,2,1,1
43,3008384,53022,다가구,은평구,37.5984975,126.9233785,7,26,3,47.23142857,2,1,4,3,1,4,1,4,4,4,4,4,4,1,1,1,1
44,3007732,53018,다가구,송파구,37.5029523,127.1069487,8,24,6,37.49625,1,1,4,1,6,7,7,1,6,1,4,6,7,2,1,1,1
45,3006164,53014,다가구,서대문구,37.5815224,126.922577,7,23,11,51.43285714,2,1,4,2,7,7,7,7,5,5,5,7,7,1,2,2,0
46,3007043,53017,다가구,성북구,37.6076549,127.013154,20,20,5,22.564,2,1,2,1,5,5,5,7,7,7,7,7,7,1,1,1,3
47,3008455,53022,다가구,은평구,37.5984975,126.9233785,7,26,3,47.23142857,2,1,4,3,6,7,7,7,7,7,7,7,7,1,1,1,1
48,3009442,53025,다가구,중랑구,37.6014695,127.1045849,13,29,6,34.97692308,2,1,4,3,5,6,6,7,5,6,6,7,5,2,3,1,1
49,3009456,53025,다가구,중랑구,37.6014695,127.1045849,13,29,6,34.97692308,2,1,4,2,3,6,1,2,5,4,5,6,6,1,1,1,2
50,3003338,53008,다가구,금천구,37.4688411,126.9023043,8,11,6,59.98,2,1,1,3,5,5,5,4,5,5,5,5,5,2,2,1,1
51,3007560,53017,다가구,성북구,37.6076549,127.013154,20,20,5,22.564,2,1,1,3,6,6,7,7,6,6,6,6,4,1,3,1,1
52,3011143,81313,도시형생활주택,마포구,37.5542471,126.9086154,19,9,7,13.36526316,1,2,4,1,5,7,6,6,6,3,6,7,6,1,3,1,2
53,3005666,53011,다가구,동대문구,37.5711261,127.0317843,10,24,6,48.268,1,1,2,2,4,5,5,5,7,7,4,5,6,2,2,1,2
54,3002682,53005,다가구,관악구,37.4788365,126.9356998,7,27,6,31.44142857,2,1,2,2,3,7,5,7,7,7,4,6,5,2,2,1,1
55,3010188,81307,도시형생활주택,구로구,37.4920335,126.8515023,27,7,7,16.4162963,1,2,1,1,6,7,7,7,7,6,7,7,7,2,1,1,1
56,3005880,53012,다가구,동작구,37.4954356,126.9374484,8,24,10,61.27,2,1,2,2,2,7,4,7,7,2,6,6,4,1,1,1,1
57,3006006,53013,다가구,마포구,37.5544295,126.9024099,12,24,6,25.22583333,1,1,4,1,7,7,6,7,7,7,7,7,7,2,1,2,0
58,3007498,53017,다가구,성북구,37.6076549,127.013154,20,20,5,22.564,2,1,1,3,7,7,7,4,7,5,5,6,7,1,1,1,1
59,3005883,53012,다가구,동작구,37.4954356,126.9374484,8,24,10,61.27,1,1,2,3,6,7,7,7,6,1,6,7,6,1,1,1,1
60,3001333,53003,다가구,강북구,37.6622213,127.013076,7,26,6,37.70428571,2,1,4,3,4,7,6,5,6,5,5,6,6,1,3,1,1
61,3009080,53022,다가구,은평구,37.5984975,126.9233785,7,26,3,47.23142857,2,1,2,2,7,7,6,6,6,7,7,7,6,1,1,1,1
62,3009234,53025,다가구,중랑구,37.6014695,127.1045849,13,29,6,34.97692308,1,1,4,3,5,5,5,1,6,1,4,5,5,1,1,1,2
63,3008612,53022,다가구,은평구,37.5984975,126.9233785,7,26,3,47.23142857,2,1,4,2,7,7,6,7,7,1,7,6,6,1,1,1,1
64,3009083,53022,다가구,은평구,37.5984975,126.9233785,7,26,3,47.23142857,2,1,1,2,6,6,6,6,7,1,7,7,7,1,2,2,0
65,3000005,90161,도시형생활주택-희망하우징,은평구,37.6024,126.9293,23,5,4,11.55,1,3,1,1,2,2,4,7,7,4,3,4,4,2,2,1,2
66,3011537,81314,도시형생활주택,서대문구,37.5842888,126.9151895,24,7,2,16.35208333,1,2,1,3,7,7,7,7,7,7,4,7,6,2,1,1,3
67,3006877,53017,다가구,성북구,37.6076549,127.013154,20,20,5,22.564,1,1,2,2,5,7,7,7,7,7,5,5,5,1,3,1,5
68,3005010,53010,다가구,도봉구,37.6600045,127.0384734,7,24,9,40.86857143,2,1,4,1,7,7,7,7,7,7,7,7,7,2,3,2,0
69,3002890,53006,다가구,광진구,37.5396821,127.0664605,13,26,6,39.16153846,1,1,3,1,7,2,7,7,1,1,7,5,6,2,1,1,5
70,3007248,53017,다가구,성북구,37.6076549,127.013154,20,20,5,22.564,1,1,1,1,5,5,5,3,4,1,1,3,3,1,3,1,1
71,3002879,53006,다가구,광진구,37.5396821,127.0664605,13,26,6,39.16153846,1,1,4,1,7,7,5,7,5,3,5,5,5,1,3,1,1
72,3002400,53004,다가구,강서구,37.5480633,126.8520284,7,23,6,49.86428571,1,1,4,3,4,5,5,6,6,5,5,6,5,2,1,2,0
73,3009147,53023,다가구,종로구,37.6156481,126.9745559,10,25,6,40.341,2,1,2,1,1,7,1,1,7,5,1,1,1,1,1,1,2
74,3003034,53006,다가구,광진구,37.5396821,127.0664605,13,26,6,39.16153846,2,1,2,2,4,7,6,5,5,7,6,6,6,1,2,1,1
75,3003796,53009,다가구,노원구,37.6147277,127.0633085,5,23,6,46.452,2,1,4,2,4,6,4,7,7,4,4,5,6,1,2,1,2
76,3010667,81309,도시형생활주택,노원구,37.6321433,127.0581182,28,7,7,17.75857143,2,2,4,2,3,7,3,1,7,7,3,7,7,1,1,1,1
77,3005404,53011,다가구,동대문구,37.5711261,127.0317843,10,24,6,48.268,2,1,3,1,6,7,3,2,2,4,3,3,5,1,1,1,3
78,3007260,53017,다가구,성북구,37.6076549,127.013154,20,20,5,22.564,1,1,1,2,6,7,7,7,7,7,7,7,7,2,1,1,5
79,3001136,53003,다가구,강북구,37.6622213,127.013076,7,26,6,37.70428571,2,1,4,2,4,5,4,5,6,4,6,7,7,1,1,1,1
81,3000146,53002,다가구,강동구,37.5417911,127.1357011,11,28,6,45.59909091,2,1,4,3,4,7,4,5,1,4,1,4,3,1,1,1,1
82,3007443,53017,다가구,성북구,37.6076549,127.013154,20,20,5,22.564,1,1,2,1,4,7,5,7,5,7,5,6,6,1,1,1,1
83,3008339,53022,다가구,은평구,37.5984975,126.9233785,7,26,3,47.23142857,2,1,4,2,7,3,5,7,3,7,5,7,7,1,1,2,0
84,3010831,81311,도시형생활주택,동대문구,37.5619428,127.0692148,29,6,7,25.74,1,2,4,2,7,7,7,7,7,7,7,7,7,1,2,1,2
85,3007224,53017,다가구,성북구,37.6076549,127.013154,20,20,5,22.564,2,1,2,3,5,7,4,4,1,4,4,4,4,1,3,1,2
86,3004718,53010,다가구,도봉구,37.6600045,127.0384734,7,24,9,40.86857143,1,1,4,2,7,7,1,7,7,4,1,1,3,1,1,1,1
87,3002847,53006,다가구,광진구,37.5396821,127.0664605,13,26,6,39.16153846,2,1,4,3,6,7,7,7,4,7,7,6,6,2,1,2,0
88,3012047,81325,도시형생활주택,중랑구,37.5900362,127.0990185,29,7,7,17.25862069,2,2,4,3,6,6,6,7,7,5,6,6,6,1,1,1,1
91,3008771,90161,도시형생활주택-희망하우징,은평구,37.6024,126.9293,23,5,4,11.55,1,1,4,1,7,7,7,7,5,7,7,7,7,1,2,1,1
92,3007136,53017,다가구,성북구,37.6076549,127.013154,20,20,5,22.564,1,1,3,3,6,6,7,5,1,2,6,6,6,1,1,1,2
93,3009295,53025,다가구,중랑구,37.6014695,127.1045849,13,29,6,34.97692308,1,1,3,3,6,6,7,7,7,4,7,7,7,2,1,1,1
94,3011136,81313,도시형생활주택,마포구,37.5542471,126.9086154,19,9,7,13.36526316,2,1,4,1,7,7,7,7,6,3,7,7,7,1,2,1,4
95,3007333,53017,다가구,성북구,37.6076549,127.013154,20,20,5,22.564,2,1,2,2,7,7,7,7,7,4,7,7,7,1,1,1,1
97,3006873,53017,다가구,성북구,37.6076549,127.013154,20,20,5,22.564,2,1,4,2,1,7,1,1,1,1,1,3,5,1,1,1,1
100,3004901,53010,다가구,도봉구,37.6600045,127.0384734,7,24,9,40.86857143,1,1,4,2,7,7,1,7,4,3,5,5,6,1,3,1,1
101,3007113,53017,다가구,성북구,37.6076549,127.013154,20,20,5,22.564,2,1,3,1,7,7,7,7,7,7,7,7,7,1,1,1,1
102,3010506,81307,도시형생활주택,구로구,37.4920335,126.8515023,27,7,7,16.4162963,1,1,1,3,6,6,7,7,7,6,6,6,6,2,1,1,1
104,3005227,53011,다가구,동대문구,37.5711261,127.0317843,10,24,6,48.268,2,1,4,2,5,6,6,7,1,5,5,6,5,2,3,1,1
105,3007468,53017,다가구,성북구,37.6076549,127.013154,20,20,5,22.564,2,1,2,1,5,7,5,3,1,3,1,6,3,1,1,1,2
107,3005520,53011,다가구,동대문구,37.5711261,127.0317843,10,24,6,48.268,2,1,1,1,5,5,6,6,6,1,4,6,6,1,2,1,5
109,3009404,53025,다가구,중랑구,37.6014695,127.1045849,13,29,6,34.97692308,1,1,4,1,3,7,5,6,7,1,4,5,7,1,2,1,1
110,3004151,53010,다가구,도봉구,37.6600045,127.0384734,7,24,9,40.86857143,2,1,4,2,1,4,4,7,1,1,2,3,4,1,1,1,2
111,3010108,81306,도시형생활주택,광진구,37.56824736,127.0787894,25,7,7,18.096,1,1,4,2,1,2,2,3,5,1,5,6,6,1,1,1,2
112,3012112,70249,도시형생활주택-희망하우징,성북구,37.6092586,126.9974291,54,9,8,14,2,3,1,3,5,7,3,5,7,3,6,6,4,2,3,1,1
114,3005373,53011,다가구,동대문구,37.5711261,127.0317843,10,24,6,48.268,2,1,4,3,3,6,5,2,7,1,7,7,5,1,2,1,2
115,3003187,53008,다가구,금천구,37.4688411,126.9023043,8,11,6,59.98,2,1,4,2,7,7,7,7,7,7,7,7,7,2,1,2,0
116,3005584,53011,다가구,동대문구,37.5711261,127.0317843,10,24,6,48.268,1,1,2,2,7,7,7,7,1,1,3,3,5,1,1,1,3
119,3004916,53010,다가구,도봉구,37.6600045,127.0384734,7,24,9,40.86857143,2,1,4,2,6,7,7,7,5,7,6,6,6,1,1,1,1
120,3010167,81306,도시형생활주택,광진구,37.56824736,127.0787894,25,7,7,18.096,2,2,2,2,5,5,5,3,3,7,7,7,7,2,1,2,0
121,3012117,70249,도시형생활주택-희망하우징,성북구,37.6092586,126.9974291,54,9,8,14,2,3,1,1,7,6,5,7,7,5,6,7,6,2,2,1,4
122,3003327,53008,다가구,금천구,37.4688411,126.9023043,8,11,6,59.98,1,1,2,3,7,7,4,7,7,4,7,7,7,1,2,1,1
123,3003355,53008,다가구,금천구,37.4688411,126.9023043,8,11,6,59.98,1,1,2,2,7,5,7,7,7,3,5,5,7,1,1,1,1
124,3002709,53006,다가구,광진구,37.5396821,127.0664605,13,26,6,39.16153846,2,1,4,1,2,7,3,7,7,1,5,5,6,1,2,1,1
125,3003229,53008,다가구,금천구,37.4688411,126.9023043,8,11,6,59.98,2,1,3,1,5,7,7,5,4,7,3,7,4,1,2,1,1
127,3011316,81314,도시형생활주택,서대문구,37.5842888,126.9151895,24,7,2,16.35208333,1,2,3,1,4,7,5,3,1,6,5,5,6,1,1,1,1
128,3005360,53011,다가구,동대문구,37.5711261,127.0317843,10,24,6,48.268,2,1,4,1,5,7,4,4,7,5,6,6,6,1,1,1,2
129,3006034,53013,다가구,마포구,37.5544295,126.9024099,12,24,6,25.22583333,1,1,4,3,7,7,6,7,6,7,7,7,7,1,1,2,0
130,3009116,53023,다가구,종로구,37.6156481,126.9745559,10,25,6,40.341,1,1,4,2,7,7,5,7,5,5,5,7,6,1,1,1,1
131,3003354,53008,다가구,금천구,37.4688411,126.9023043,8,11,6,59.98,2,1,2,3,5,2,2,3,7,1,4,5,7,1,1,1,1
132,3005715,53011,다가구,동대문구,37.5711261,127.0317843,10,24,6,48.268,2,1,1,3,2,7,4,4,7,5,7,7,6,1,1,1,1
133,3004496,53010,다가구,도봉구,37.6600045,127.0384734,7,24,9,40.86857143,2,1,4,2,6,7,7,7,4,4,5,5,5,1,3,1,1
134,3012105,70249,도시형생활주택-희망하우징,성북구,37.6092586,126.9974291,54,9,8,14,2,1,1,3,7,7,7,7,7,5,7,7,7,2,1,1,1
135,3004714,53010,다가구,도봉구,37.6600045,127.0384734,7,24,9,40.86857143,1,1,3,2,5,5,5,5,4,2,4,4,5,1,1,1,1
136,3002649,53005,다가구,관악구,37.4788365,126.9356998,7,27,6,31.44142857,1,1,4,3,7,7,7,7,3,7,7,7,6,1,1,2,0
138,3011971,81325,도시형생활주택,중랑구,37.5900362,127.0990185,29,7,7,17.25862069,2,2,3,2,5,5,7,7,7,4,5,6,6,1,2,2,0
139,3010175,81306,도시형생활주택,광진구,37.56824736,127.0787894,25,7,7,18.096,2,1,2,2,3,5,3,6,7,1,6,6,6,1,2,1,1
140,3005993,53013,다가구,마포구,37.5544295,126.9024099,12,24,6,25.22583333,2,1,4,2,3,7,3,7,7,7,3,3,3,1,1,1,1
144,3009935,81304,도시형생활주택,강서구,37.5686432,126.814118,29,7,7,17.55,1,2,2,1,5,5,6,5,6,4,7,7,6,1,1,1,1
146,3002658,53005,다가구,관악구,37.4788365,126.9356998,7,27,6,31.44142857,2,1,4,2,4,4,5,7,1,5,6,7,4,1,2,2,0
150,3005892,53012,다가구,동작구,37.4954356,126.9374484,8,24,10,61.27,2,1,2,2,6,6,6,6,3,6,6,6,6,2,2,2,0
154,3002824,53006,다가구,광진구,37.5396821,127.0664605,13,26,6,39.16153846,2,1,4,3,4,5,1,3,4,2,2,3,5,2,1,2,0
156,3002692,53005,다가구,관악구,37.4788365,126.9356998,7,27,6,31.44142857,2,1,2,2,5,6,6,7,7,7,5,7,7,1,3,1,2
157,3002690,53005,다가구,관악구,37.4788365,126.9356998,7,27,6,31.44142857,2,1,2,2,7,7,7,7,7,7,4,4,7,2,2,2,0
159,3003955,22331,도시형생활주택-희망하우징,노원구,37.6237699,127.0905768,14,7,8,11.25,2,1,1,2,6,7,7,7,7,7,7,7,6,1,1,1,3
161,3000067,53001,다가구,강남구,37.4940801,127.0410732,14,29,6,32.20428571,2,1,3,1,6,7,6,4,6,1,5,5,6,1,2,1,1
162,3003938,22331,도시형생활주택-희망하우징,노원구,37.6237699,127.0905768,14,7,8,11.25,2,1,1,3,5,7,5,7,6,2,6,6,6,1,1,1,1
165,3003927,53009,다가구,노원구,37.6147277,127.0633085,5,23,6,46.452,1,1,1,2,7,7,7,7,7,7,4,4,6,2,1,2,0
166,3002629,53005,다가구,관악구,37.4788365,126.9356998,7,27,6,31.44142857,1,1,4,2,7,5,4,7,7,1,2,5,4,2,2,2,0
168,3008253,53020,다가구,영등포구,37.5138604,126.9125981,3,20,6,24.57,1,1,3,3,7,7,3,7,5,7,3,1,1,2,1,2,0
172,3000019,22345,도시형생활주택-희망하우징,노원구,37.615837,127.0699382,43,7,8,12.5,2,3,1,2,6,7,7,6,7,5,6,7,6,1,2,1,2
175,3002691,53005,다가구,관악구,37.4788365,126.9356998,7,27,6,31.44142857,2,1,1,2,4,4,3,6,4,5,2,3,4,1,1,1,1
176,3005864,53012,다가구,동작구,37.4954356,126.9374484,8,24,10,61.27,2,1,1,3,5,6,5,6,1,3,4,4,5,1,3,2,0
177,3012079,22324,도시형생활주택-희망하우징,마포구,37.564254,126.9174972,30,8,8,14,1,2,2,1,6,6,5,7,4,1,6,7,6,1,2,1,1
178,3012103,70249,도시형생활주택-희망하우징,성북구,37.6092586,126.9974291,54,9,8,14,2,3,1,1,7,7,5,7,7,5,7,7,7,1,1,1,1
179,3003945,53009,다가구,노원구,37.6147277,127.0633085,5,23,6,46.452,2,1,1,3,6,7,6,3,5,5,7,7,6,1,1,1,1
180,3003966,22331,도시형생활주택-희망하우징,노원구,37.6237699,127.0905768,14,7,8,11.25,2,1,1,2,5,7,6,7,6,5,7,5,5,1,1,1,5
181,3000006,22331,도시형생활주택-희망하우징,노원구,37.6237699,127.0905768,14,7,8,11.25,2,2,1,2,3,5,2,5,6,5,2,1,2,1,1,1,1
183,3008268,53020,다가구,영등포구,37.5138604,126.9125981,3,20,6,24.57,1,1,1,2,6,7,7,7,2,4,5,5,4,1,1,1,1
184,3008208,53020,다가구,영등포구,37.5138604,126.9125981,3,20,6,24.57,1,1,4,2,4,7,6,7,7,6,7,6,6,2,1,2,0
186,3012107,70249,도시형생활주택-희망하우징,성북구,37.6092586,126.9974291,54,9,8,14,2,3,4,1,7,7,7,7,7,7,7,7,7,2,2,1,2
189,3000003,90161,도시형생활주택-희망하우징,은평구,37.6024,126.9293,23,5,4,11.55,2,3,1,3,2,7,1,7,7,6,2,6,3,1,2,1,2
190,3009127,53023,다가구,종로구,37.6156481,126.9745559,10,25,6,40.341,1,1,4,3,1,7,3,4,7,3,7,7,7,1,1,1,1
192,3000058,53001,다가구,강남구,37.4940801,127.0410732,14,29,6,32.20428571,2,1,1,1,3,7,5,5,7,7,7,7,5,1,1,1,1
193,3000013,22345,도시형생활주택-희망하우징,노원구,37.615837,127.0699382,43,7,8,12.5,2,3,2,3,1,2,2,7,1,1,1,1,2,1,3,2,0
194,3009146,53023,다가구,종로구,37.6156481,126.9745559,10,25,6,40.341,2,1,2,1,5,7,4,7,7,7,5,6,6,1,1,1,1
195,3009841,81303,도시형생활주택,강북구,37.647428,127.0236554,28,7,7,17.61071429,2,2,4,2,3,6,3,6,7,1,3,4,6,1,2,1,1
196,3009125,53023,다가구,종로구,37.6156481,126.9745559,10,25,6,40.341,1,1,4,2,3,2,2,5,1,1,2,2,3,2,2,1,1
198,3000017,22345,도시형생활주택-희망하우징,노원구,37.615837,127.0699382,43,7,8,12.5,2,3,1,2,7,7,5,7,7,4,4,4,5,1,2,1,2
199,3012131,70249,도시형생활주택-희망하우징,성북구,37.6092586,126.9974291,54,9,8,14,1,3,4,1,7,5,6,6,7,1,2,6,6,2,1,1,1
201,3008256,53020,다가구,영등포구,37.5138604,126.9125981,3,20,6,24.57,1,1,3,2,7,7,3,7,6,5,5,6,6,2,2,2,0
202,3009124,53023,다가구,종로구,37.6156481,126.9745559,10,25,6,40.341,1,2,4,2,3,7,5,7,7,2,7,7,7,1,3,1,1
205,3000048,53001,다가구,강남구,37.4940801,127.0410732,14,29,6,32.20428571,2,1,2,2,1,4,1,7,7,1,4,7,3,1,1,1,1
207,3000007,22331,도시형생활주택-희망하우징,노원구,37.6237699,127.0905768,14,7,8,11.25,2,2,3,2,3,5,2,6,7,4,3,3,4,1,2,1,1
210,3000024,22345,도시형생활주택-희망하우징,노원구,37.615837,127.0699382,43,7,8,12.5,1,3,3,1,4,7,4,7,7,3,7,7,5,1,1,1,1
211,3000020,22345,도시형생활주택-희망하우징,노원구,37.615837,127.0699382,43,7,8,12.5,1,3,1,1,4,7,3,5,7,6,6,6,5,2,2,1,1
214,3012130,70249,도시형생활주택-희망하우징,성북구,37.6092586,126.9974291,54,9,8,14,1,2,2,3,7,7,7,7,5,6,7,7,7,1,3,1,1
215,3012084,22324,도시형생활주택-희망하우징,마포구,37.564254,126.9174972,30,8,8,14,1,2,3,1,3,2,4,4,7,1,5,4,5,1,1,2,0
216,3000057,53001,다가구,강남구,37.4940801,127.0410732,14,29,6,32.20428571,1,1,4,3,6,5,7,7,7,6,7,7,6,1,1,1,1
217,3012128,70249,도시형생활주택-희망하우징,성북구,37.6092586,126.9974291,54,9,8,14,2,3,2,1,5,5,6,5,7,4,6,6,6,1,1,1,4
219,3012129,70249,도시형생활주택-희망하우징,성북구,37.6092586,126.9974291,54,9,8,14,1,3,1,1,7,5,7,7,7,7,4,4,7,1,1,1,1
220,3012081,22324,도시형생활주택-희망하우징,마포구,37.564254,126.9174972,30,8,8,14,1,2,4,1,4,4,6,7,1,1,5,5,4,1,1,1,1
221,3012099,70249,도시형생활주택-희망하우징,성북구,37.6092586,126.9974291,54,9,8,14,1,3,2,1,7,3,7,7,7,5,6,5,5,2,1,2,0
222,3012122,70249,도시형생활주택-희망하우징,성북구,37.6092586,126.9974291,54,9,8,14,2,3,1,2,7,6,6,6,7,4,5,5,6,1,2,2,0
223,3012072,22324,도시형생활주택-희망하우징,마포구,37.564254,126.9174972,30,8,8,14,2,2,1,3,7,5,5,5,5,2,3,4,5,1,2,2,0
224,3012085,22324,도시형생활주택-희망하우징,마포구,37.564254,126.9174972,30,8,8,14,1,2,1,2,5,5,7,7,5,2,7,7,6,2,1,1,1
225,3012116,70249,도시형생활주택-희망하우징,성북구,37.6092586,126.9974291,54,9,8,14,2,2,1,1,7,7,7,7,7,7,7,7,7,1,2,1,1
226,3012111,70249,도시형생활주택-희망하우징,성북구,37.6092586,126.9974291,54,9,8,14,2,3,2,2,7,7,6,7,7,7,7,5,6,2,3,2,0
229,3012073,22324,도시형생활주택-희망하우징,마포구,37.564254,126.9174972,30,8,8,14,2,2,1,2,7,4,1,6,3,1,1,6,3,2,2,1,3
231,3012119,70249,도시형생활주택-희망하우징,성북구,37.6092586,126.9974291,54,9,8,14,2,1,1,2,4,7,2,7,7,1,2,6,7,1,2,1,1
236,3000023,22345,도시형생활주택-희망하우징,노원구,37.615837,127.0699382,43,7,8,12.5,1,3,1,3,4,7,4,7,7,1,5,5,5,1,1,1,2
242,3012132,70249,도시형생활주택-희망하우징,성북구,37.6092586,126.9974291,54,9,8,14,1,3,2,3,7,7,6,7,7,4,4,5,6,1,3,1,2
245,3000026,22345,도시형생활주택-희망하우징,노원구,37.615837,127.0699382,43,7,8,12.5,1,3,4,1,5,5,6,7,6,2,4,6,5,1,2,1,1
246,3000025,22345,도시형생활주택-희망하우징,노원구,37.615837,127.0699382,43,7,8,12.5,1,3,4,3,5,7,6,7,7,4,4,4,6,1,3,1,1
237,3012078,22324,도시형생활주택-희망하우징,마포구,37.564254,126.9174972,30,8,8,14,1,2,4,1,1,2,2,2,6,1,1,1,1,1,2,1,1
239,3012091,22324,도시형생활주택-희망하우징,마포구,37.564254,126.9174972,30,8,8,14,1,2,1,1,6,4,4,3,4,1,4,4,5,1,1,1,2
240,3012082,22324,도시형생활주택-희망하우징,마포구,37.564254,126.9174972,30,8,8,14,1,2,2,1,3,4,4,2,6,1,4,6,6,2,3,2,0
249,3008418,90161,도시형생활주택-희망하우징,은평구,37.6024,126.9293,23,5,4,11.55,1,1,4,2,5,7,4,7,3,2,5,7,5,1,1,1,1
254,3008341,90161,도시형생활주택-희망하우징,은평구,37.6024,126.9293,23,5,4,11.55,1,1,4,2,5,7,5,7,7,5,5,5,5,1,1,1,1
232,3000002,90161,도시형생활주택-희망하우징,은평구,37.6024,126.9293,23,5,4,11.55,2,3,4,1,4,2,2,1,1,7,4,5,4,1,3,2,0
233,3012108,70249,도시형생활주택-희망하우징,성북구,37.6092586,126.9974291,54,9,8,14,2,3,3,3,6,7,5,7,7,5,5,7,6,1,2,1,1
241,3012118,70249,도시형생활주택-희망하우징,성북구,37.6092586,126.9974291,54,9,8,14,2,3,2,1,7,4,7,7,7,5,6,7,7,1,3,2,0
243,3012106,70249,도시형생활주택-희망하우징,성북구,37.6092586,126.9974291,54,9,8,14,2,3,1,1,2,5,4,7,7,2,5,5,4,1,2,1,1
244,3000015,22345,도시형생활주택-희망하우징,노원구,37.615837,127.0699382,43,7,8,12.5,2,3,1,3,3,5,4,6,7,7,5,6,4,1,1,1,1
247,3000011,22345,도시형생활주택-희망하우징,노원구,37.615837,127.0699382,43,7,8,12.5,2,3,3,2,4,5,7,7,7,7,7,5,5,1,2,2,0
248,3000022,22345,도시형생활주택-희망하우징,노원구,37.615837,127.0699382,43,7,8,12.5,2,3,1,2,3,7,6,5,7,7,7,7,6,2,3,1,1
234,3000010,22331,도시형생활주택-희망하우징,노원구,37.6237699,127.0905768,14,7,8,11.25,2,2,2,2,4,7,5,7,7,6,5,5,5,1,2,1,1
235,3000008,22331,도시형생활주택-희망하우징,노원구,37.6237699,127.0905768,14,7,8,11.25,2,2,1,3,6,6,4,7,7,7,6,6,5,1,2,1,1
238,3012076,22324,도시형생활주택-희망하우징,마포구,37.564254,126.9174972,30,8,8,14,2,2,1,1,5,5,2,7,6,3,1,5,5,2,1,1,1
250,3008847,90161,도시형생활주택-희망하우징,은평구,37.6024,126.9293,23,5,4,11.55,2,1,4,1,5,7,7,5,7,5,5,5,7,1,1,2,0
251,3008718,90161,도시형생활주택-희망하우징,은평구,37.6024,126.9293,23,5,4,11.55,2,1,4,1,7,7,7,7,7,7,7,7,7,1,1,2,0
253,3008795,90161,도시형생활주택-희망하우징,은평구,37.6024,126.9293,23,5,4,11.55,2,1,4,1,7,7,7,7,3,2,7,7,7,1,1,2,0
255,3008556,90161,도시형생활주택-희망하우징,은평구,37.6024,126.9293,23,5,4,11.55,2,1,4,2,5,7,7,5,7,5,5,7,5,1,1,2,0
256,3009043,90161,도시형생활주택-희망하우징,은평구,37.6024,126.9293,23,5,4,11.55,2,1,3,2,5,5,6,7,6,7,7,7,7,1,3,1,1
